timestamp,confidence,peak_confidence
20260522_152723,0.676,0.735
20260522_152756,0.678,0.709
20260522_152814,0.830,0.830
20260522_152817,0.823,0.930
20260522_152823,0.602,0.705
20260522_152904,0.758,0.758
20260522_152906,0.885,0.940
20260522_152912,0.769,0.774
20260522_152916,0.644,0.671
20260522_152929,0.632,0.632
20260522_152953,0.697,0.697
20260522_152958,0.745,0.745
20260522_153015,0.734,0.734
20260522_153034,0.665,0.682
20260522_153039,0.628,0.724
20260522_153046,0.727,0.727
20260522_153131,0.660,0.660
20260522_153200,0.681,0.681
20260522_153218,0.804,0.804
